{
  "__type__": "cc.SpriteFrame",
  "content": {
    "name": "gameBirds",
    "atlas": "",
    "rect": {
      "x": 2,
      "y": 2,
      "width": 734,
      "height": 1020
    },
    "offset": {
      "x": -143,
      "y": 0
    },
    "originalSize": {
      "width": 1024,
      "height": 1024
    },
    "rotated": false,
    "capInsets": [
      0,
      0,
      0,
      0
    ],
    "vertices": {
      "rawPosition": [
        -367,
        -510,
        0,
        367,
        -510,
        0,
        -367,
        510,
        0,
        367,
        510,
        0
      ],
      "indexes": [
        0,
        1,
        2,
        2,
        1,
        3
      ],
      "uv": [
        2,
        1022,
        736,
        1022,
        2,
        2,
        736,
        2
      ],
      "nuv": [
        0.001953125,
        0.001953125,
        0.71875,
        0.001953125,
        0.001953125,
        0.998046875,
        0.71875,
        0.998046875
      ],
      "minPos": {
        "x": -367,
        "y": -510,
        "z": 0
      },
      "maxPos": {
        "x": 367,
        "y": 510,
        "z": 0
      }
    },
    "texture": "05957738-6fdb-4d5c-bc94-ab6f662e25ce@6c48a",
    "packable": true,
    "pixelsToUnit": 100,
    "pivot": {
      "x": 0.5,
      "y": 0.5
    },
    "meshType": 0
  }
}